# GW150914 time-1126259462.44 (s),H1_data_whitened,L1_data_whitened,H1_template_whitened,L1_template_whitened
 -0.199766,  0.518943, -1.785543, -0.036198,  0.017871
 -0.199522,  0.470561, -2.215131, -0.021988,  0.054134
 -0.199277,  0.410229, -2.425469, -0.000195,  0.090960
 -0.199033,  0.337342, -2.373615,  0.026945,  0.125060
 -0.198789,  0.250043, -2.056279,  0.056779,  0.153300
 -0.198545,  0.145231, -1.514178,  0.086496,  0.173036
 -0.198301,  0.019794, -0.826774,  0.113379,  0.182393
 -0.198057, -0.127246, -0.097415,  0.135034,  0.180468
 -0.197813, -0.292225,  0.567929,  0.149574,  0.167426
 -0.197568, -0.464687,  1.082692,  0.155740,  0.144486
 -0.197324, -0.626448,  1.396365,  0.152963,  0.113775
 -0.197080, -0.752856,  1.501460,  0.141357,  0.078090
 -0.196836, -0.816791,  1.429582,  0.121668,  0.040590
 -0.196592, -0.794902,  1.238643,  0.095172,  0.004448
 -0.196348, -0.674428,  0.995416,  0.063547, -0.027482
 -0.196104, -0.458332,  0.758287,  0.028732, -0.052951
 -0.195859, -0.166871,  0.564447, -0.007216, -0.070508
 -0.195615,  0.165148,  0.424270, -0.042260, -0.079598
 -0.195371,  0.494818,  0.323634, -0.074508, -0.080547
 -0.195127,  0.779651,  0.232932, -0.102317, -0.074443
 -0.194883,  0.985899,  0.119861, -0.124379, -0.062942
 -0.194639,  1.094490, -0.037714, -0.139794, -0.048027
 -0.194395,  1.103190, -0.242510, -0.148106, -0.031756
 -0.194150,  1.024899, -0.474973, -0.149335, -0.016033
 -0.193906,  0.883173, -0.697829, -0.143963, -0.002431
 -0.193662,  0.706567, -0.866509, -0.132904,  0.007924
 -0.193418,  0.523242, -0.941750, -0.117439,  0.014389
 -0.193174,  0.356767, -0.899991, -0.099127,  0.016782
 -0.192930,  0.223492, -0.738525, -0.079682,  0.015304
 -0.192686,  0.131591, -0.474724, -0.060845,  0.010432
 -0.192441,  0.081675, -0.140783, -0.044246,  0.002809
 -0.192197,  0.068556,  0.223544, -0.031272, -0.006863
 -0.191953,  0.083336,  0.577897, -0.022958, -0.017893
 -0.191709,  0.114974,  0.886509, -0.019915, -0.029648
 -0.191465,  0.150970,  1.121263, -0.022286, -0.041562
 -0.191221,  0.177489,  1.262985, -0.029756, -0.053115
 -0.190977,  0.179626,  1.301675, -0.041594, -0.063810
 -0.190732,  0.142560,  1.236352, -0.056735, -0.073136
 -0.190488,  0.054059,  1.074989, -0.073882, -0.080550
 -0.190244, -0.091891,  0.834591, -0.091623, -0.085473
 -0.190000, -0.291476,  0.540898, -0.108538, -0.087313
 -0.189756, -0.529312,  0.226731, -0.123309, -0.085507
 -0.189512, -0.780040, -0.071820, -0.134797, -0.079586
 -0.189268, -1.013381, -0.321276, -0.142102, -0.069242
 -0.189023, -1.201135, -0.497321, -0.144604, -0.054401
 -0.188779, -1.323767, -0.589835, -0.141974, -0.035282
 -0.188535, -1.374497, -0.604387, -0.134174, -0.012440
 -0.188291, -1.359799, -0.559428, -0.121444,  0.013224
 -0.188047, -1.296247, -0.480185, -0.104275,  0.040475
 -0.187803, -1.204598, -0.391524, -0.083380,  0.067796
 -0.187559, -1.102889, -0.312165, -0.059653,  0.093474
 -0.187315, -1.000829, -0.251801, -0.034126,  0.115705
 -0.187070, -0.897398, -0.211483, -0.007912,  0.132738
 -0.186826, -0.782415, -0.186706,  0.017853,  0.143025
 -0.186582, -0.641489, -0.171903,  0.042077,  0.145374
 -0.186338, -0.462624, -0.164558,  0.063774,  0.139102
 -0.186094, -0.242163, -0.167133,  0.082130,  0.124155
 -0.185850,  0.011929, -0.185864,  0.096552,  0.101184
 -0.185606,  0.280346, -0.226880,  0.106699,  0.071567
 -0.185361,  0.535989, -0.291414,  0.112496,  0.037355
 -0.185117,  0.749747, -0.372281,  0.114126,  0.001144
 -0.184873,  0.897155, -0.453302,  0.112000, -0.034130
 -0.184629,  0.964282, -0.512113,  0.106710, -0.065452
 -0.184385,  0.951267, -0.525445,  0.098976, -0.090025
 -0.184141,  0.872480, -0.475181,  0.089592, -0.105576
 -0.183897,  0.753262, -0.353319,  0.079380, -0.110615
 -0.183652,  0.624161, -0.164486,  0.069145, -0.104640
 -0.183408,  0.514122,  0.074411,  0.059657, -0.088222
 -0.183164,  0.444164,  0.337000,  0.051624, -0.062980
 -0.182920,  0.422803,  0.591761,  0.045683, -0.031428
 -0.182676,  0.444141,  0.806862,  0.042381,  0.003301
 -0.182432,  0.489196,  0.954779,  0.042146,  0.037802
 -0.182188,  0.530481,  1.016190,  0.045254,  0.068797
 -0.181943,  0.539082,  0.982843,  0.051776,  0.093518
 -0.181699,  0.492681,  0.858965,  0.061531,  0.110032
 -0.181455,  0.382570,  0.660782,  0.074037,  0.117452
 -0.181211,  0.217738,  0.413805,  0.088491,  0.116016
 -0.180967,  0.024605,  0.148107,  0.103769,  0.107005
 -0.180723, -0.158018, -0.107409,  0.118481,  0.092529
 -0.180479, -0.287974, -0.330053,  0.131056,  0.075195
 -0.180234, -0.330885, -0.506110,  0.139881,  0.057710
 -0.179990, -0.270414, -0.630699,  0.143460,  0.042481
 -0.179746, -0.114494, -0.705288,  0.140588,  0.031266
 -0.179502,  0.104680, -0.734207,  0.130513,  0.024928
 -0.179258,  0.337165, -0.721576,  0.113065,  0.023331
 -0.179014,  0.526605, -0.669689,  0.088728,  0.025393
 -0.178770,  0.623456, -0.579262,  0.058645,  0.029284
 -0.178525,  0.596809, -0.451299,  0.024545,  0.032745
 -0.178281,  0.441986, -0.289844, -0.011389,  0.033470
 -0.178037,  0.182065, -0.104580, -0.046715,  0.029501
 -0.177793, -0.137087,  0.087777, -0.078959,  0.019563
 -0.177549, -0.457229,  0.263998, -0.105843,  0.003300
 -0.177305, -0.721061,  0.396991, -0.125506, -0.018641
 -0.177061, -0.884931,  0.460249, -0.136676, -0.044675
 -0.176816, -0.927585,  0.433203, -0.138789, -0.072506
 -0.176572, -0.852989,  0.306175, -0.132039, -0.099455
 -0.176328, -0.687363,  0.083529, -0.117355, -0.122862
 -0.176084, -0.472178, -0.215789, -0.096320, -0.140482
 -0.175840, -0.255393, -0.560301, -0.071026, -0.150823
 -0.175596, -0.082774, -0.909817, -0.043891, -0.153360
 -0.175352,  0.009606, -1.219967, -0.017453, -0.148606
 -0.175107,  0.000964, -1.446617,  0.005852, -0.138005
 -0.174863, -0.111064, -1.549947,  0.023898, -0.123687
 -0.174619, -0.310148, -1.498493,  0.035055, -0.108104
 -0.174375, -0.563798, -1.273482,  0.038342, -0.093613
 -0.174131, -0.828158, -0.873293,  0.033522, -0.082075
 -0.173887, -1.054326, -0.317021,  0.021142, -0.074534
 -0.173643, -1.195653,  0.354217,  0.002499, -0.071025
 -0.173398, -1.215479,  1.079219, -0.020454, -0.070561
 -0.173154, -1.094393,  1.782093, -0.045281, -0.071282
 -0.172910, -0.835529,  2.380662, -0.069281, -0.070770
 -0.172666, -0.466209,  2.796998, -0.089752, -0.066464
 -0.172422, -0.034671,  2.968939, -0.104259, -0.056121
 -0.172178,  0.398156,  2.861060, -0.110899, -0.038245
 -0.171934,  0.770271,  2.473212, -0.108511, -0.012421
 -0.171690,  1.030912,  1.844557, -0.096826,  0.020510
 -0.171445,  1.150644,  1.051338, -0.076514,  0.058461
 -0.171201,  1.126980,  0.197704, -0.049143,  0.098295
 -0.170957,  0.984358, -0.599605, -0.017019,  0.136186
 -0.170713,  0.768604, -1.230307,  0.017041,  0.168101
 -0.170469,  0.537238, -1.609902,  0.050013,  0.190319
 -0.170225,  0.347867, -1.695424,  0.078986,  0.199923
 -0.169981,  0.247214, -1.494166,  0.101473,  0.195202
 -0.169736,  0.262989, -1.063042,  0.115670,  0.175891
 -0.169492,  0.399821, -0.498045,  0.120626,  0.143226
 -0.169248,  0.639384,  0.084319,  0.116324,  0.099810
 -0.169004,  0.943985,  0.569634,  0.103631,  0.049307
 -0.168760,  1.262696,  0.867124,  0.084168, -0.003990
 -0.168516,  1.539225,  0.925549,  0.060087, -0.055657
 -0.168272,  1.720849,  0.740452,  0.033808, -0.101627
 -0.168027,  1.767459,  0.351828,  0.007750, -0.138625
 -0.167783,  1.659270, -0.166606, -0.015923, -0.164473
 -0.167539,  1.401256, -0.723755, -0.035487, -0.178246
 -0.167295,  1.022608, -1.229453, -0.049774, -0.180271
 -0.167051,  0.570585, -1.611090, -0.058215, -0.171965
 -0.166807,  0.100039, -1.825489, -0.060797, -0.155566
 -0.166563, -0.338442, -1.863847, -0.057973, -0.133774
 -0.166318, -0.708181, -1.748905, -0.050535, -0.109380
 -0.166074, -0.991067, -1.525318, -0.039479, -0.084912
 -0.165830, -1.186363, -1.245944, -0.025881, -0.062356
 -0.165586, -1.304932, -0.957755, -0.010808, -0.042978
 -0.165342, -1.361511, -0.691021,  0.004743, -0.027259
 -0.165098, -1.367984, -0.454307,  0.019871, -0.014942
 -0.164854, -1.329920, -0.236210,  0.033769, -0.005184
 -0.164609, -1.247233, -0.012908,  0.045718,  0.003232
 -0.164365, -1.118030,  0.240846,  0.055075,  0.011643
 -0.164121, -0.943418,  0.540500,  0.061291,  0.021265
 -0.163877, -0.731008,  0.883329,  0.063929,  0.032980
 -0.163633, -0.495791,  1.245335,  0.062717,  0.047193
 -0.163389, -0.258290,  1.584564,  0.057602,  0.063764
 -0.163145, -0.040840,  1.850203,  0.048799,  0.082032
 -0.162900,  0.136722,  1.994983,  0.036828,  0.100906
 -0.162656,  0.260710,  1.987246,  0.022510,  0.119021
 -0.162412,  0.325705,  1.819302,  0.006926,  0.134926
 -0.162168,  0.334882,  1.510044, -0.008668,  0.147277
 -0.161924,  0.298961,  1.101651, -0.022965,  0.155011
 -0.161680,  0.234441,  0.651495, -0.034757,  0.157473
 -0.161436,  0.161435,  0.220970, -0.043086,  0.154475
 -0.161191,  0.100914, -0.136739, -0.047378,  0.146298
 -0.160947,  0.071144, -0.387328, -0.047542,  0.133621
 -0.160703,  0.083768, -0.521588, -0.043999,  0.117401
 -0.160459,  0.140566, -0.555132, -0.037662,  0.098723
 -0.160215,  0.231993, -0.521578, -0.029832,  0.078647
 -0.159971,  0.338170, -0.461311, -0.022052,  0.058068
 -0.159727,  0.432416, -0.409201, -0.015914,  0.037619
 -0.159482,  0.486713, -0.384739, -0.012857,  0.017634
 -0.159238,  0.478011, -0.387258, -0.013990, -0.001841
 -0.158994,  0.393846, -0.397382, -0.019940, -0.020972
 -0.158750,  0.235713, -0.384173, -0.030779, -0.040024
 -0.158506,  0.019040, -0.316043, -0.046013, -0.059228
 -0.158262, -0.230393, -0.172577, -0.064642, -0.078644
 -0.158018, -0.482555,  0.045930, -0.085285, -0.098060
 -0.157773, -0.709785,  0.314104, -0.106340, -0.116923
 -0.157529, -0.892077,  0.584004, -0.126165, -0.134340
 -0.157285, -1.019918,  0.794310, -0.143248, -0.149133
 -0.157041, -1.094548,  0.884016, -0.156343, -0.159955
 -0.156797, -1.125873,  0.807163, -0.164565, -0.165451
 -0.156553, -1.128350,  0.544936, -0.167427, -0.164442
 -0.156309, -1.115569,  0.112163, -0.164831, -0.156117
 -0.156065, -1.094897, -0.443519, -0.157017, -0.140196
 -0.155820, -1.064050, -1.050031, -0.144493, -0.117047
 -0.155576, -1.011045, -1.625082, -0.127946, -0.087745
 -0.155332, -0.917745, -2.092845, -0.108177, -0.054046
 -0.155088, -0.765813, -2.398839, -0.086035, -0.018282
 -0.154844, -0.543097, -2.519217, -0.062385,  0.016823
 -0.154600, -0.248568, -2.462266, -0.038084,  0.048389
 -0.154356,  0.105311, -2.261935, -0.013968,  0.073672
 -0.154111,  0.493185, -1.965333,  0.009156,  0.090355
 -0.153867,  0.880195, -1.617936,  0.030534,  0.096818
 -0.153623,  1.227426, -1.251228,  0.049494,  0.092363
 -0.153379,  1.498208, -0.876897,  0.065488,  0.077341
 -0.153135,  1.663852, -0.489389,  0.078138,  0.053189
 -0.152891,  1.707759, -0.075508,  0.087281,  0.022344
 -0.152647,  1.627361,  0.372829,  0.092993, -0.011956
 -0.152402,  1.433884,  0.847567,  0.095585, -0.045966
 -0.152158,  1.150387,  1.319396,  0.095575, -0.075795
 -0.151914,  0.808805,  1.740776,  0.093621, -0.097804
 -0.151670,  0.446611,  2.056609,  0.090437, -0.108990
 -0.151426,  0.103167,  2.219408,  0.086698, -0.107308
 -0.151182, -0.184601,  2.204182,  0.082955, -0.091899
 -0.150938, -0.387409,  2.018226,  0.079572, -0.063197
 -0.150693, -0.488961,  1.702535,  0.076712, -0.022884
 -0.150449, -0.489722,  1.324283,  0.074353,  0.026282
 -0.150205, -0.407207,  0.962590,  0.072360,  0.080765
 -0.149961, -0.271840,  0.691658,  0.070574,  0.136627
 -0.149717, -0.119278,  0.565559,  0.068913,  0.189942
 -0.149473,  0.018292,  0.607913,  0.067461,  0.237195
 -0.149229,  0.118988,  0.808015,  0.066511,  0.275611
 -0.148984,  0.174182,  1.123537,  0.066564,  0.303393
 -0.148740,  0.187161,  1.488832,  0.068261,  0.319813
 -0.148496,  0.168520,  1.827051,  0.072278,  0.325179
 -0.148252,  0.130305,  2.063711,  0.079172,  0.320674
 -0.148008,  0.081008,  2.139174,  0.089237,  0.308093
 -0.147764,  0.023023,  2.017857,  0.102375,  0.289535
 -0.147520, -0.046893,  1.692863,  0.118023,  0.267078
 -0.147275, -0.134554,  1.185783,  0.135150,  0.242500
 -0.147031, -0.243821,  0.542342,  0.152330,  0.217078
 -0.146787, -0.372103, -0.174830,  0.167892,  0.191484
 -0.146543, -0.507454, -0.894838,  0.180111,  0.165805
 -0.146299, -0.628453, -1.547304,  0.187427,  0.139649
 -0.146055, -0.707400, -2.070525,  0.188642,  0.112345
 -0.145811, -0.716216, -2.418675,  0.183084,  0.083178
 -0.145566, -0.633418, -2.567664,  0.170684,  0.051615
 -0.145322, -0.450131, -2.518804,  0.151993,  0.017508
 -0.145078, -0.173579, -2.299060,  0.128099, -0.018788
 -0.144834,  0.172543, -1.956968,  0.100499, -0.056389
 -0.144590,  0.550608, -1.554327,  0.070920, -0.093946
 -0.144346,  0.913976, -1.155208,  0.041132, -0.129803
 -0.144102,  1.213741, -0.814721,  0.012776, -0.162214
 -0.143857,  1.406565, -0.570127, -0.012772, -0.189583
 -0.143613,  1.462437, -0.436140, -0.034485, -0.210703
 -0.143369,  1.370876, -0.405162, -0.051726, -0.224939
 -0.143125,  1.144128, -0.451957, -0.064242, -0.232331
 -0.142881,  0.816394, -0.541242, -0.072125, -0.233611
 -0.142637,  0.438872, -0.636114, -0.075765, -0.230109
 -0.142393,  0.071294, -0.705273, -0.075795, -0.223583
 -0.142148, -0.228641, -0.727616, -0.073041, -0.215969
 -0.141904, -0.415952, -0.693694, -0.068485, -0.209123
 -0.141660, -0.466998, -0.604379, -0.063215, -0.204549
 -0.141416, -0.384044, -0.467590, -0.058384, -0.203196
 -0.141172, -0.194630, -0.294177, -0.055133, -0.205321
 -0.140928,  0.054184, -0.094269, -0.054510, -0.210454
 -0.140684,  0.305360,  0.124715, -0.057356, -0.217474
 -0.140440,  0.503140,  0.357875, -0.064188, -0.224778
 -0.140195,  0.603649,  0.600827, -0.075083, -0.230523
 -0.139951,  0.582726,  0.846886, -0.089596, -0.232909
 -0.139707,  0.439436,  1.084538, -0.106731, -0.230458
 -0.139463,  0.194707,  1.296074, -0.124982, -0.222259
 -0.139219, -0.114388,  1.458080, -0.142447, -0.208125
 -0.138975, -0.443230,  1.544296, -0.157023, -0.188656
 -0.138731, -0.749113,  1.530844, -0.166650, -0.165185
 -0.138486, -0.999460,  1.402792, -0.169586, -0.139624
 -0.138242, -1.176927,  1.160102, -0.164662, -0.114219
 -0.137998, -1.280189,  0.820842, -0.151489, -0.091265
 -0.137754, -1.320275,  0.420194, -0.130576, -0.072801
 -0.137510, -1.313650,  0.004987, -0.103334, -0.060349
 -0.137266, -1.274375, -0.375187, -0.071968, -0.054715
 -0.137022, -1.207942, -0.677869, -0.039255, -0.055891
 -0.136777, -1.108735, -0.875707, -0.008242, -0.063055
 -0.136533, -0.961803, -0.960182,  0.018098, -0.074680
 -0.136289, -0.748444, -0.940430,  0.037212, -0.088715
 -0.136045, -0.454193, -0.838291,  0.047264, -0.102822
 -0.135801, -0.077303, -0.681738,  0.047349, -0.114629
 -0.135557,  0.364474, -0.498870,  0.037590, -0.121970
 -0.135313,  0.831011, -0.313874,  0.019131, -0.123074
 -0.135068,  1.262529, -0.145183, -0.006001, -0.116700
 -0.134824,  1.588404, -0.005263, -0.035112, -0.102204
 -0.134580,  1.740845,  0.098781, -0.065130, -0.079541
 -0.134336,  1.670541,  0.164430, -0.092910, -0.049215
 -0.134092,  1.360408,  0.193239, -0.115539, -0.012203
 -0.133848,  0.833658,  0.190711, -0.130599,  0.030146
 -0.133604,  0.153712,  0.166143, -0.136361,  0.076214
 -0.133359, -0.584411,  0.131738, -0.131915,  0.124201
 -0.133115, -1.269515,  0.100593, -0.117216,  0.172217
 -0.132871, -1.793324,  0.083999, -0.093058,  0.218355
 -0.132627, -2.069612,  0.089074, -0.060981,  0.260766
 -0.132383, -2.049948,  0.117551, -0.023139,  0.297732
 -0.132139, -1.733165,  0.165868,  0.017877,  0.327745
 -0.131895, -1.166651,  0.226057,  0.059228,  0.349584
 -0.131650, -0.438942,  0.286920,  0.098026,  0.362383
 -0.131406,  0.335276,  0.335403,  0.131529,  0.365688
 -0.131162,  1.035088,  0.358351,  0.157318,  0.359487
 -0.130918,  1.554386,  0.344582,  0.173453,  0.344203
 -0.130674,  1.819824,  0.286775,  0.178603,  0.320649
 -0.130430,  1.802091,  0.182574,  0.172133,  0.289954
 -0.130186,  1.518381,  0.034921,  0.154158,  0.253459
 -0.129941,  1.025829, -0.147895,  0.125539,  0.212599
 -0.129697,  0.407753, -0.352043,  0.087846,  0.168803
 -0.129453, -0.243611, -0.558058,  0.043265,  0.123411
 -0.129209, -0.843432, -0.741594, -0.005537,  0.077625
 -0.128965, -1.325946, -0.875597, -0.055585,  0.032516
 -0.128721, -1.649698, -0.933802, -0.103794, -0.010946
 -0.128477, -1.796898, -0.895011, -0.147186, -0.051824
 -0.128232, -1.769000, -0.747538, -0.183112, -0.089148
 -0.127988, -1.581157, -0.493281, -0.209454, -0.121856
 -0.127744, -1.257663, -0.150562, -0.224800, -0.148786
 -0.127500, -0.829345,  0.245554, -0.228578, -0.168708
 -0.127256, -0.332600,  0.646711, -0.221115, -0.180418
 -0.127012,  0.191184,  0.998771, -0.203635, -0.182890
 -0.126768,  0.697146,  1.252055, -0.178172, -0.175442
 -0.126523,  1.140011,  1.371538, -0.147409, -0.157924
 -0.126279,  1.478368,  1.343763, -0.114442, -0.130861
 -0.126035,  1.679534,  1.178385, -0.082496, -0.095538
 -0.125791,  1.724327,  0.904304, -0.054616, -0.053993
 -0.125547,  1.611134,  0.562133, -0.033355, -0.008917
 -0.125303,  1.358278,  0.195467, -0.020499,  0.036562
 -0.125059,  1.003404, -0.156724, -0.016859,  0.079166
 -0.124815,  0.598767, -0.464875, -0.022163,  0.115811
 -0.124570,  0.202422, -0.710145, -0.035052,  0.143960
 -0.124326, -0.132930, -0.882885, -0.053198,  0.161936
 -0.124082, -0.370372, -0.979773, -0.073535,  0.169156
 -0.123838, -0.495304, -1.001402, -0.092578,  0.166234
 -0.123594, -0.516209, -0.951449, -0.106798,  0.154955
 -0.123350, -0.459814, -0.837502, -0.113008,  0.138087
 -0.123106, -0.362562, -0.672574, -0.108729,  0.119072
 -0.122861, -0.261050, -0.475893, -0.092466,  0.101613
 -0.122617, -0.183852, -0.271777, -0.063892,  0.089205
 -0.122373, -0.146266, -0.086066, -0.023891,  0.084684
 -0.122129, -0.148577,  0.059442,  0.025534,  0.089830
 -0.121885, -0.177716,  0.153091,  0.081473,  0.105096
 -0.121641, -0.211641,  0.197769,  0.140428,  0.129486
 -0.121397, -0.225357,  0.211370,  0.198692,  0.160623
 -0.121152, -0.197079,  0.222131,  0.252744,  0.194979
 -0.120908, -0.113181,  0.259683,  0.299607,  0.228272
 -0.120664,  0.028884,  0.344665,  0.337143,  0.255959
 -0.120420,  0.219879,  0.480508,  0.364228,  0.273781
 -0.120176,  0.440105,  0.650409,  0.380804,  0.278288
 -0.119932,  0.662527,  0.820824,  0.387799,  0.267278
 -0.119688,  0.857313,  0.950807,  0.386930,  0.240090
 -0.119443,  0.997163,  1.004470,  0.380417,  0.197723
 -0.119199,  1.062630,  0.962526,  0.370646,  0.142751
 -0.118955,  1.046478,  0.828984,  0.359836,  0.079061
 -0.118711,  0.955995,  0.630818,  0.349742,  0.011435
 -0.118467,  0.812190,  0.411051,  0.341455, -0.054966
 -0.118223,  0.645338,  0.217847,  0.335291, -0.115150
 -0.117979,  0.487488,  0.092970,  0.330825, -0.164801
 -0.117734,  0.363828,  0.062363,  0.327014, -0.200705
 -0.117490,  0.285630,  0.130456,  0.322421, -0.221020
 -0.117246,  0.247252,  0.278936,  0.315485, -0.225394
 -0.117002,  0.228505,  0.470115,  0.304793, -0.214910
 -0.116758,  0.201985,  0.654422,  0.289322, -0.191889
 -0.116514,  0.143235,  0.780734,  0.268598, -0.159588
 -0.116270,  0.040441,  0.807432,  0.242763, -0.121830
 -0.116025, -0.099811,  0.711598,  0.212533, -0.082634
 -0.115781, -0.253017,  0.494076,  0.179066, -0.045865
 -0.115537, -0.383670,  0.179147,  0.143754, -0.014956
 -0.115293, -0.456479, -0.190896,  0.107994,  0.007292
 -0.115049, -0.448135, -0.564784,  0.072956,  0.018833
 -0.114805, -0.355666, -0.892729,  0.039413,  0.018423
 -0.114561, -0.198592, -1.135889,  0.007641,  0.005615
 -0.114316, -0.014301, -1.272646, -0.022581, -0.019278
 -0.114072,  0.151727, -1.300351, -0.051878, -0.055234
 -0.113828,  0.257766, -1.232703, -0.081105, -0.100596
 -0.113584,  0.276229, -1.094368, -0.111128, -0.153132
 -0.113340,  0.199692, -0.914991, -0.142591, -0.210134
 -0.113096,  0.041086, -0.724190, -0.175717, -0.268525
 -0.112852, -0.171554, -0.548077, -0.210173, -0.325011
 -0.112607, -0.403725, -0.407175, -0.245026, -0.376272
 -0.112363, -0.623635, -0.315380, -0.278798, -0.419185
 -0.112119, -0.809259, -0.279533, -0.309621, -0.451077
 -0.111875, -0.951614, -0.299182, -0.335468, -0.469962
 -0.111631, -1.053986, -0.366411, -0.354424, -0.474754
 -0.111387, -1.128146, -0.466045, -0.364968, -0.465405
 -0.111143, -1.189259, -0.576730, -0.366216, -0.442953
 -0.110898, -1.251008, -0.673200, -0.358098, -0.409461
 -0.110654, -1.321740, -0.729568, -0.341440, -0.367844
 -0.110410, -1.401846, -0.723093, -0.317936, -0.321597
 -0.110166, -1.482385, -0.637823, -0.290018, -0.274459
 -0.109922, -1.545272, -0.467737, -0.260633, -0.230051
 -0.109678, -1.565529, -0.219153, -0.232955, -0.191525
 -0.109434, -1.515803,  0.087989, -0.210059, -0.161281
 -0.109190, -1.372538,  0.420593, -0.194609, -0.140767
 -0.108945, -1.122265,  0.735333, -0.188570, -0.130396
 -0.108701, -0.766188,  0.984373, -0.192999, -0.129576
 -0.108457, -0.321833,  1.123380, -0.207917, -0.136837
 -0.108213,  0.178538,  1.120298, -0.232292, -0.150040
 -0.107969,  0.692270,  0.962683, -0.264118, -0.166625
 -0.107725,  1.172542,  0.661548, -0.300601, -0.183875
 -0.107481,  1.575424,  0.250447, -0.338413, -0.199151
 -0.107236,  1.866383, -0.220256, -0.374002, -0.210098
 -0.106992,  2.024779, -0.692702, -0.403929, -0.214788
 -0.106748,  2.045238, -1.112131, -0.425179, -0.211816
 -0.106504,  1.935846, -1.436017, -0.435443, -0.200343
 -0.106260,  1.714220, -1.639375, -0.433317, -0.180106
 -0.106016,  1.403262, -1.715224, -0.418414, -0.151393
 -0.105772,  1.028230, -1.671000, -0.391376, -0.115006
 -0.105527,  0.615907, -1.523113, -0.353777, -0.072204
 -0.105283,  0.195302, -1.292108, -0.307949, -0.024629
 -0.105039, -0.201543, -0.999816, -0.256730,  0.025787
 -0.104795, -0.540215, -0.668362, -0.203181,  0.076939
 -0.104551, -0.787043, -0.320062, -0.150291,  0.126688
 -0.104307, -0.914476,  0.022753, -0.100714,  0.173026
 -0.104063, -0.907448,  0.338501, -0.056555,  0.214244
 -0.103818, -0.768727,  0.607746, -0.019232,  0.249097
 -0.103574, -0.521332,  0.814986,  0.010575,  0.276943
 -0.103330, -0.206869,  0.950488,  0.032904,  0.297831
 -0.103086,  0.120382,  1.011835,  0.048412,  0.312532
 -0.102842,  0.402697,  1.004833,  0.058232,  0.322479
 -0.102598,  0.589587,  0.943464,  0.063802,  0.329647
 -0.102354,  0.647449,  0.848576,  0.066694,  0.336350
 -0.102109,  0.565906,  0.745191,  0.068464,  0.344992
 -0.101865,  0.359342,  0.658630,  0.070537,  0.357799
 -0.101621,  0.063305,  0.610041,  0.074126,  0.376555
 -0.101377, -0.273400,  0.612200,  0.080202,  0.402380
 -0.101133, -0.599067,  0.666598,  0.089488,  0.435581
 -0.100889, -0.869326,  0.762760,  0.102485,  0.475585
 -0.100645, -1.054652,  0.880436,  0.119498,  0.520981
 -0.100400, -1.143390,  0.994597,  0.140668,  0.569649
 -0.100156, -1.140077,  1.082004,  0.165994,  0.618972
 -0.099912, -1.060510,  1.127231,  0.195333,  0.666105
 -0.099668, -0.925760,  1.125905,  0.228402,  0.708262
 -0.099424, -0.757023,  1.083977,  0.264755,  0.742992
 -0.099180, -0.572214,  1.013523,  0.303769,  0.768410
 -0.098936, -0.384506,  0.927107,  0.344628,  0.783352
 -0.098691, -0.202574,  0.833265,  0.386320,  0.787436
 -0.098447, -0.032017,  0.734960,  0.427650,  0.781031
 -0.098203,  0.122798,  0.631233,  0.467270,  0.765136
 -0.097959,  0.257277,  0.520797,  0.503730,  0.741182
 -0.097715,  0.366164,  0.405582,  0.535551,  0.710790
 -0.097471,  0.444538,  0.292634,  0.561309,  0.675524
 -0.097227,  0.490183,  0.193681,  0.579741,  0.636655
 -0.096982,  0.506490,  0.122637,  0.589850,  0.594981
 -0.096738,  0.504468,  0.091827,  0.591018,  0.550721
 -0.096494,  0.502299,  0.108066,  0.583101,  0.503502
 -0.096250,  0.521645,  0.169806,  0.566505,  0.452430
 -0.096006,  0.581289,  0.266301,  0.542226,  0.396251
 -0.095762,  0.690226,  0.379102,  0.511832,  0.333575
 -0.095518,  0.842974,  0.485610,  0.477394,  0.263128
 -0.095273,  1.019232,  0.563944,  0.441348,  0.184013
 -0.095029,  1.188410,  0.598117,  0.406298,  0.095942
 -0.094785,  1.317743,  0.582168,  0.374773, -0.000604
 -0.094541,  1.381423,  0.521872,  0.348956, -0.104291
 -0.094297,  1.367891,  0.433121,  0.330423, -0.212954
 -0.094053,  1.283225,  0.337041,  0.319914, -0.323719
 -0.093809,  1.149874,  0.253007,  0.317183, -0.433209
 -0.093565,  1.001091,  0.191671,  0.320951, -0.537828
 -0.093320,  0.872323,  0.150427,  0.328967, -0.634072
 -0.093076,  0.791536,  0.113160,  0.338204, -0.718843
 -0.092832,  0.771135,  0.054632,  0.345151, -0.789723
 -0.092588,  0.804009, -0.051824,  0.346186, -0.845181
 -0.092344,  0.865103, -0.225848,  0.337979, -0.884676
 -0.092100,  0.918082, -0.473555,  0.317873, -0.908660
 -0.091856,  0.924998, -0.784844,  0.284199, -0.918468
 -0.091611,  0.855986, -1.135040,  0.236473, -0.916122
 -0.091367,  0.696404, -1.490194,  0.175453, -0.904067
 -0.091123,  0.450027, -1.814467,  0.103054, -0.884882
 -0.090879,  0.138195, -2.077560,  0.022117, -0.861000
 -0.090635, -0.204469, -2.260225, -0.063917, -0.834477
 -0.090391, -0.536872, -2.356498, -0.151394, -0.806832
 -0.090147, -0.819671, -2.372259, -0.236837, -0.778989
 -0.089902, -1.023363, -2.320782, -0.317282, -0.751299
 -0.089658, -1.134487, -2.216830, -0.390532, -0.723661
 -0.089414, -1.158364, -2.071340, -0.455280, -0.695690
 -0.089170, -1.117535, -1.888556, -0.511113, -0.666909
 -0.088926, -1.046018, -1.666621, -0.558393, -0.636941
 -0.088682, -0.980635, -1.401328, -0.598052, -0.605647
 -0.088438, -0.951617, -1.091456, -0.631332, -0.573208
 -0.088193, -0.975091, -0.743340, -0.659525, -0.540119
 -0.087949, -1.049425, -0.372609, -0.683736, -0.507118
 -0.087705, -1.156171, -0.002159, -0.704718, -0.475059
 -0.087461, -1.264966,  0.342749, -0.722789, -0.444748
 -0.087217, -1.341013,  0.640101, -0.737836, -0.416793
 -0.086973, -1.353425,  0.875111, -0.749395, -0.391472
 -0.086729, -1.282634,  1.041420, -0.756791, -0.368678
 -0.086484, -1.125215,  1.139991, -0.759304, -0.347910
 -0.086240, -0.894852,  1.177067, -0.756340, -0.328345
 -0.085996, -0.619075,  1.162253, -0.747566, -0.308956
 -0.085752, -0.332623,  1.106990, -0.733008, -0.288655
 -0.085508, -0.069378,  1.023157, -0.713085, -0.266434
 -0.085264,  0.144711,  0.921620, -0.688584, -0.241473
 -0.085020,  0.295802,  0.810832, -0.660574, -0.213207
 -0.084775,  0.382483,  0.695752, -0.630291, -0.181325
 -0.084531,  0.412559,  0.577278, -0.598984, -0.145720
 -0.084287,  0.397566,  0.452269, -0.567769, -0.106405
 -0.084043,  0.346920,  0.314337, -0.537495, -0.063422
 -0.083799,  0.263473,  0.155638, -0.508638, -0.016760
 -0.083555,  0.141855, -0.030415, -0.481250,  0.033672
 -0.083311, -0.029704, -0.246037, -0.454952,  0.088022
 -0.083066, -0.264103, -0.486469, -0.428986,  0.146413
 -0.082822, -0.567691, -0.738836, -0.402312,  0.208815
 -0.082578, -0.932300, -0.983292, -0.373746,  0.274897
 -0.082334, -1.329724, -1.196832, -0.342116,  0.343895
 -0.082090, -1.711037, -1.359173, -0.306423,  0.414532
 -0.081846, -2.011976, -1.458894, -0.265985,  0.485014
 -0.081602, -2.164030, -1.497270, -0.220542,  0.553123
 -0.081357, -2.109136, -1.487751, -0.170313,  0.616396
 -0.081113, -1.814471, -1.450712, -0.115985,  0.672394
 -0.080869, -1.283382, -1.405227, -0.058650,  0.718988
 -0.080625, -0.559454, -1.360817,  0.000327,  0.754658
 -0.080381,  0.277528, -1.311966,  0.059466,  0.778723
 -0.080137,  1.123045, -1.237185,  0.117366,  0.791478
 -0.079893,  1.864416, -1.103170,  0.172881,  0.794202
 -0.079648,  2.399159, -0.873480,  0.225273,  0.789025
 -0.079404,  2.651676, -0.519984,  0.274309,  0.778674
 -0.079160,  2.585539, -0.034250,  0.320291,  0.766122
 -0.078916,  2.209558,  0.564467,  0.364012,  0.754198
 -0.078672,  1.576678,  1.227647,  0.406636,  0.745207
 -0.078428,  0.775703,  1.883793,  0.449521,  0.740622
 -0.078184, -0.082849,  2.451850,  0.494003,  0.740900
 -0.077940, -0.884143,  2.858699,  0.541174,  0.745433
 -0.077695, -1.526438,  3.056213,  0.591671,  0.752658
 -0.077451, -1.935606,  3.033178,  0.645528,  0.760298
 -0.077207, -2.074649,  2.818628,  0.702084,  0.765697
 -0.076963, -1.946953,  2.475387,  0.759988,  0.766208
 -0.076719, -1.592939,  2.085366,  0.817281,  0.759560
 -0.076475, -1.080780,  1.730607,  0.871560,  0.744165
 -0.076231, -0.492819,  1.475335,  0.920205,  0.719327
 -0.075986,  0.089826,  1.353799,  0.960632,  0.685314
 -0.075742,  0.601601,  1.366541,  0.990552,  0.643304
 -0.075498,  1.003038,  1.484949,  1.008199,  0.595217
 -0.075254,  1.285438,  1.661596,  1.012508,  0.543455
 -0.075010,  1.468804,  1.842824,  1.003216,  0.490599
 -0.074766,  1.593443,  1.980388,  0.980877,  0.439105
 -0.074522,  1.707126,  2.040090,  0.946798,  0.391027
 -0.074277,  1.850871,  2.006565,  0.902891,  0.347812
 -0.074033,  2.046966,  1.884119,  0.851487,  0.310166
 -0.073789,  2.292264,  1.693911,  0.795098,  0.278020
 -0.073545,  2.558267,  1.468095,  0.736192,  0.250569
 -0.073301,  2.797610,  1.241889,  0.676982,  0.226386
 -0.073057,  2.954985,  1.044890,  0.619259,  0.203585
 -0.072813,  2.979777,  0.893389,  0.564282,  0.180012
 -0.072568,  2.837619,  0.785721,  0.512737,  0.153453
 -0.072324,  2.518398,  0.702263,  0.464753,  0.121829
 -0.072080,  2.039040,  0.610482,  0.419973,  0.083369
 -0.071836,  1.440644,  0.473851,  0.377660,  0.036752
 -0.071592,  0.780912,  0.262276,  0.336819, -0.018803
 -0.071348,  0.123808, -0.038889,  0.296322, -0.083492
 -0.071104, -0.471104, -0.423866,  0.255011, -0.156935
 -0.070859, -0.957228, -0.867106,  0.211786, -0.238240
 -0.070615, -1.305665, -1.329257,  0.165649, -0.326105
 -0.070371, -1.505614, -1.766282,  0.115740, -0.418958
 -0.070127, -1.561393, -2.138623,  0.061345, -0.515107
 -0.069883, -1.488036, -2.417758,  0.001906, -0.612893
 -0.069639, -1.307419, -2.588823, -0.062959, -0.710810
 -0.069395, -1.046129, -2.649635, -0.133432, -0.807597
 -0.069150, -0.735005, -2.607762, -0.209441, -0.902258
 -0.068906, -0.409311, -2.477708, -0.290607, -0.994041
 -0.068662, -0.107936, -2.279489, -0.376187, -1.082346
 -0.068418,  0.129778, -2.038487, -0.465031, -1.166604
 -0.068174,  0.270018, -1.785308, -0.555585, -1.246130
 -0.067930,  0.291991, -1.554088, -0.645926, -1.319992
 -0.067686,  0.194123, -1.378486, -0.733862, -1.386914
 -0.067441, -0.004057, -1.285943, -0.817078, -1.445255
 -0.067197, -0.265839, -1.291979, -0.893327, -1.493049
 -0.066953, -0.546144, -1.396601, -0.960633, -1.528149
 -0.066709, -0.802409, -1.584076, -1.017485, -1.548421
 -0.066465, -1.004166, -1.825980, -1.062989, -1.551996
 -0.066221, -1.138659, -2.086311, -1.096959, -1.537524
 -0.065977, -1.211258, -2.327205, -1.119917, -1.504394
 -0.065732, -1.241123, -2.514202, -1.133010, -1.452894
 -0.065488, -1.253841, -2.620512, -1.137834, -1.384259
 -0.065244, -1.273356, -2.629997, -1.136215, -1.300614
 -0.065000, -1.315373, -2.538668, -1.129948, -1.204796
 -0.064756, -1.383765, -2.354632, -1.120551, -1.100091
 -0.064512, -1.470569, -2.096448, -1.109059, -0.989900
 -0.064268, -1.558999, -1.790008, -1.095899, -0.877396
 -0.064023, -1.628030, -1.464325, -1.080842, -0.765209
 -0.063779, -1.657041, -1.146864, -1.063059, -0.655185
 -0.063535, -1.629595, -0.859256, -1.041254, -0.548247
 -0.063291, -1.536173, -0.614225, -1.013863, -0.444390
 -0.063047, -1.376019, -0.414492, -0.979276, -0.342786
 -0.062803, -1.158069, -0.253909, -0.936061, -0.242003
 -0.062559, -0.900718, -0.120203, -0.883161, -0.140290
 -0.062315, -0.630182,  0.001886, -0.820022, -0.035898
 -0.062070, -0.377460,  0.128127, -0.746666,  0.072623
 -0.061826, -0.174092,  0.273149, -0.663678,  0.186167
 -0.061582, -0.047008,  0.449017, -0.572139,  0.304915
 -0.061338, -0.013237,  0.663397, -0.473507,  0.428271
 -0.061094, -0.075750,  0.917323, -0.369462,  0.554910
 -0.060850, -0.221720,  1.203490, -0.261755,  0.682909
 -0.060606, -0.423668,  1.506235, -0.152063,  0.809956
 -0.060361, -0.643058,  1.803740, -0.041871,  0.933592
 -0.060117, -0.835487,  2.071872,  0.067602,  1.051451
 -0.059873, -0.956796,  2.288314,  0.175437,  1.161475
 -0.059629, -0.969525,  2.435949,  0.281012,  1.262072
 -0.059385, -0.848949,  2.505278,  0.383953,  1.352203
 -0.059141, -0.587661,  2.496191,  0.484072,  1.431397
 -0.058897, -0.197667,  2.419118,  0.581270,  1.499697
 -0.058652,  0.290533,  2.295033,  0.675455,  1.557557
 -0.058408,  0.831647,  2.153542,  0.766451,  1.605703
 -0.058164,  1.371292,  2.028712,  0.853930,  1.644984
 -0.057920,  1.852899,  1.953056,  0.937371,  1.676238
 -0.057676,  2.225231,  1.950851,  1.016052,  1.700177
 -0.057432,  2.449926,  2.032446,  1.089066,  1.717300
 -0.057188,  2.507996,  2.191039,  1.155389,  1.727857
 -0.056943,  2.403828,  2.402746,  1.213962,  1.731824
 -0.056699,  2.165167,  2.629926,  1.263801,  1.728926
 -0.056455,  1.838354,  2.827133,  1.304106,  1.718659
 -0.056211,  1.479369,  2.948784,  1.334367,  1.700328
 -0.055967,  1.142726,  2.957355,  1.354439,  1.673085
 -0.055723,  0.871109,  2.830651,  1.364573,  1.635961
 -0.055479,  0.688488,  2.566565,  1.365396,  1.587903
 -0.055234,  0.598376,  2.184251,  1.357841,  1.527802
 -0.054990,  0.587252,  1.721528,  1.343021,  1.454538
 -0.054746,  0.631535,  1.229172,  1.322073,  1.367033
 -0.054502,  0.705419,  0.763133,  1.295987,  1.264334
 -0.054258,  0.786924,  0.375870,  1.265452,  1.145707
 -0.054014,  0.860621,  0.108017,  1.230732,  1.010770
 -0.053770,  0.917271, -0.018320,  1.191611,  0.859618
 -0.053525,  0.951980, -0.003507,  1.147402,  0.692965
 -0.053281,  0.962767,  0.129071,  1.097034,  0.512250
 -0.053037,  0.950626,  0.335757,  1.039199,  0.319708
 -0.052793,  0.920850,  0.558019,  0.972549,  0.118378
 -0.052549,  0.884295,  0.729739,  0.895900, -0.087975
 -0.052305,  0.856985,  0.785864,  0.808427, -0.295015
 -0.052061,  0.857045,  0.671876,  0.709812, -0.498081
 -0.051816,  0.899139,  0.353286,  0.600325, -0.692492
 -0.051572,  0.987811, -0.176185,  0.480827, -0.873905
 -0.051328,  1.112037, -0.889420,  0.352690, -1.038658
 -0.051084,  1.243373, -1.725574,  0.217666, -1.184094
 -0.050840,  1.339193, -2.595931,  0.077699, -1.308792
 -0.050596,  1.350777, -3.396063, -0.065262, -1.412684
 -0.050352,  1.234267, -4.022608, -0.209431, -1.497037
 -0.050107,  0.961488, -4.391530, -0.353310, -1.564287
 -0.049863,  0.527771, -4.454233, -0.495748, -1.617744
 -0.049619, -0.045070, -4.208254, -0.635935, -1.661196
 -0.049375, -0.711174, -3.699987, -0.773329, -1.698456
 -0.049131, -1.407864, -3.018061, -0.907547, -1.732923
 -0.048887, -2.066116, -2.277844, -1.038228, -1.767182
 -0.048643, -2.622083, -1.599923, -1.164906, -1.802738
 -0.048398, -3.027197, -1.087198, -1.286918, -1.839867
 -0.048154, -3.254699, -0.805708, -1.403343, -1.877645
 -0.047910, -3.301396, -0.773233, -1.513010, -1.914115
 -0.047666, -3.184953, -0.957767, -1.614544, -1.946576
 -0.047422, -2.938330, -1.285861, -1.706446, -1.971947
 -0.047178, -2.603476, -1.658990, -1.787193, -1.987144
 -0.046934, -2.225667, -1.974587, -1.855333, -1.989425
 -0.046690, -1.848818, -2.147448, -1.909555, -1.976638
 -0.046445, -1.511346, -2.127011, -1.948719, -1.947361
 -0.046201, -1.242431, -1.906924, -1.971856, -1.900913
 -0.045957, -1.059144, -1.525011, -1.978129, -1.837250
 -0.045713, -0.965234, -1.054009, -1.966775, -1.756785
 -0.045469, -0.951918, -0.585390, -1.937051, -1.660167
 -0.045225, -1.000468, -0.210028, -1.888186, -1.548074
 -0.044981, -1.086013,  0.000150, -1.819377, -1.421065
 -0.044736, -1.181979,  0.005960, -1.729819, -1.279503
 -0.044492, -1.264570, -0.192199, -1.618773, -1.123588
 -0.044248, -1.316572, -0.555227, -1.485680, -0.953456
 -0.044004, -1.329493, -1.013108, -1.330289, -0.769352
 -0.043760, -1.303122, -1.477526, -1.152791, -0.571812
 -0.043516, -1.242261, -1.856674, -0.953945, -0.361831
 -0.043272, -1.151537, -2.069856, -0.735173, -0.140977
 -0.043027, -1.030292, -2.060049, -0.498602,  0.088577
 -0.042783, -0.869812, -1.803025, -0.247074,  0.324106
 -0.042539, -0.654413, -1.311852,  0.015915,  0.562470
 -0.042295, -0.366177, -0.635943,  0.286314,  0.800299
 -0.042051,  0.008423,  0.145671,  0.559656,  1.034217
 -0.041807,  0.472414,  0.936340,  0.831228,  1.261054
 -0.041563,  1.014542,  1.637734,  1.096251,  1.478019
 -0.041318,  1.608609,  2.167613,  1.350062,  1.682830
 -0.041074,  2.215917,  2.476470,  1.588283,  1.873762
 -0.040830,  2.790265,  2.559471,  1.806973,  2.049644
 -0.040586,  3.284584,  2.460117,  2.002748,  2.209794
 -0.040342,  3.657948,  2.263431,  2.172868,  2.353915
 -0.040098,  3.881613,  2.078940,  2.315285,  2.481967
 -0.039854,  3.942976,  2.016718,  2.428650,  2.594024
 -0.039609,  3.846899,  2.161935,  2.512274,  2.690140
 -0.039365,  3.614444,  2.554070,  2.566041,  2.770207
 -0.039121,  3.279454,  3.175854,  2.590291,  2.833842
 -0.038877,  2.883510,  3.954634,  2.585657,  2.880277
 -0.038633,  2.469929,  4.775864,  2.552897,  2.908288
 -0.038389,  2.077809,  5.505578,  2.492711,  2.916154
 -0.038145,  1.737108,  6.016816,  2.405587,  2.901666
 -0.037900,  1.465494,  6.214295,  2.291682,  2.862200
 -0.037656,  1.267183,  6.052096,  2.150770,  2.794850
 -0.037412,  1.133646,  5.540737,  1.982267,  2.696637
 -0.037168,  1.045851,  4.742511,  1.785349,  2.564772
 -0.036924,  0.977660,  3.756922,  1.559156,  2.396951
 -0.036680,  0.899966,  2.700246,  1.303068,  2.191667
 -0.036436,  0.784968,  1.684157,  1.017038,  1.948480
 -0.036191,  0.609907,  0.797644,  0.701923,  1.668239
 -0.035947,  0.359739,  0.095108,  0.359790,  1.353191
 -0.035703,  0.028610, -0.407955, -0.005858,  1.006987
 -0.035459, -0.379725, -0.731721, -0.389971,  0.634570
 -0.035215, -0.852362, -0.922703, -0.785978,  0.241954
 -0.034971, -1.368578, -1.041042, -1.185961, -0.164073
 -0.034727, -1.902035, -1.147738, -1.580953, -0.576285
 -0.034482, -2.423708, -1.294618, -1.961343, -0.987362
 -0.034238, -2.905211, -1.518440, -2.317335, -1.390191
 -0.033994, -3.322092, -1.838674, -2.639400, -1.778118
 -0.033750, -3.656506, -2.257442, -2.918684, -2.145120
 -0.033506, -3.898496, -2.760293, -3.147321, -2.485905
 -0.033262, -4.045213, -3.317584, -3.318631, -2.795949
 -0.033018, -4.098182, -3.887191, -3.427191, -3.071487
 -0.032773, -4.059771, -4.419327, -3.468822, -3.309477
 -0.032529, -3.930589, -4.863436, -3.440499, -3.507550
 -0.032285, -3.709012, -5.175934, -3.340264, -3.663952
 -0.032041, -3.392899, -5.326928, -3.167170, -3.777490
 -0.031797, -2.982470, -5.304274, -2.921310, -3.847459
 -0.031553, -2.483095, -5.114284, -2.603940, -3.873556
 -0.031309, -1.907069, -4.779376, -2.217697, -3.855771
 -0.031065, -1.273961, -4.333567, -1.766878, -3.794248
 -0.030820, -0.609242, -3.817009, -1.257723, -3.689141
 -0.030576,  0.058915, -3.270808, -0.698645, -3.540469
 -0.030332,  0.704311, -2.733079, -0.100338, -3.348015
 -0.030088,  1.307738, -2.236564,  0.524275, -3.111291
 -0.029844,  1.860536, -1.807297,  1.160275, -2.829605
 -0.029600,  2.365007, -1.463271,  1.791143, -2.502250
 -0.029356,  2.831087, -1.212237,  2.399277, -2.128803
 -0.029111,  3.270117, -1.048655,  2.966551, -1.709535
 -0.028867,  3.687619, -0.951130,  3.474848, -1.245861
 -0.028623,  4.077329, -0.882265,  3.906488, -0.740795
 -0.028379,  4.418233, -0.792286,  4.244528, -0.199327
 -0.028135,  4.675411, -0.626485,  4.472934,  0.371347
 -0.027891,  4.804530, -0.335115,  4.576697,  0.961780
 -0.027647,  4.759134,  0.116357,  4.542005,  1.560451
 -0.027402,  4.499368,  0.738979,  4.356618,  2.154163
 -0.027158,  4.000436,  1.515988,  4.010599,  2.728609
 -0.026914,  3.259058,  2.403570,  3.497503,  3.269063
 -0.026670,  2.296720,  3.336815,  2.816061,  3.761091
 -0.026426,  1.159255,  4.239793,  1.972276,  4.191210
 -0.026182, -0.087255,  5.037766,  0.981708,  4.547419
 -0.025938, -1.364009,  5.668953, -0.128392,  4.819540
 -0.025693, -2.589577,  6.093294, -1.317562,  4.999372
 -0.025449, -3.690585,  6.296250, -2.531704,  5.080672
 -0.025205, -4.610164,  6.286817, -3.704227,  5.059016
 -0.024961, -5.311713,  6.090619, -4.759071,  4.931629
 -0.024717, -5.777125,  5.740541, -5.615735,  4.697252
 -0.024473, -6.000642,  5.267956, -6.196112,  4.356131
 -0.024229, -5.980789,  4.696764, -6.432644,  3.910151
 -0.023984, -5.713320,  4.040986, -6.276958,  3.363120
 -0.023740, -5.187999,  3.305549, -5.707934,  2.721154
 -0.023496, -4.391241,  2.489530, -4.738026,  1.993094
 -0.023252, -3.315050,  1.590997, -3.416671,  1.190850
 -0.023008, -1.970400,  0.612367, -1.829880,  0.329571
 -0.022764, -0.401122, -0.435002, -0.095450, -0.572403
 -0.022520,  1.306679, -1.528192,  1.646185, -1.493854
 -0.022275,  3.024065, -2.632685,  3.244842, -2.411228
 -0.022031,  4.589846, -3.704745,  4.556001, -3.299328
 -0.021787,  5.831498, -4.695421,  5.456972, -4.132056
 -0.021543,  6.592461, -5.555298,  5.861795, -4.883087
 -0.021299,  6.759840, -6.239205,  5.732788, -5.526396
 -0.021055,  6.286397, -6.710258,  5.086940, -6.036607
 -0.020811,  5.202458, -6.942748,  3.995965, -6.389217
 -0.020566,  3.615901, -6.923531,  2.579609, -6.560830
 -0.020322,  1.700687, -6.651740,  0.992754, -6.529590
 -0.020078, -0.324113, -6.136849, -0.592225, -6.276045
 -0.019834, -2.222037, -5.395585, -2.005662, -5.784629
 -0.019590, -3.770139, -4.448719, -3.100734, -5.045866
 -0.019346, -4.788866, -3.318965, -3.770822, -4.059244
 -0.019102, -5.166464, -2.030754, -3.961760, -2.836526
 -0.018857, -4.874130, -0.611821, -3.677313, -1.405063
 -0.018613, -3.969432,  0.904022, -2.977168,  0.189485
 -0.018369, -2.587285,  2.473610, -1.967789,  1.881726
 -0.018125, -0.919676,  4.041211, -0.787493,  3.587065
 -0.017881,  0.812690,  5.536225,  0.412127,  5.204748
 -0.017637,  2.392287,  6.873046,  1.485817,  6.623673
 -0.017393,  3.635199,  7.954504,  2.312648,  7.730863
 -0.017148,  4.415306,  8.679646,  2.809993,  8.422068
 -0.016904,  4.678387,  8.955436,  2.941793,  8.613498
 -0.016660,  4.444010,  8.710634,  2.720255,  8.253388
 -0.016416,  3.795619,  7.909199,  2.201104,  7.331799
 -0.016172,  2.861653,  6.560558,  1.473371,  5.887140
 -0.015928,  1.791887,  4.724860,  0.645440,  4.008008
 -0.015684,  0.733393,  2.512465, -0.170515,  1.829472
 -0.015440, -0.190169,  0.077790, -0.873500, -0.476480
 -0.015195, -0.893170, -2.391922, -1.386052, -2.715823
 -0.014951, -1.334973, -4.692181, -1.662497, -4.691399
 -0.014707, -1.518934, -6.620242, -1.692287, -6.223833
 -0.014463, -1.484556, -7.996199, -1.498333, -7.171972
 -0.014219, -1.295067, -8.684208, -1.130961, -7.450159
 -0.013975, -1.023261, -8.611276, -0.658679, -7.039901
 -0.013731, -0.738421, -7.780698, -0.157287, -5.994046
 -0.013486, -0.496496, -6.277423,  0.301040, -4.432511
 -0.013242, -0.334675, -4.263398,  0.657179, -2.529713
 -0.012998, -0.270327, -1.962268,  0.871849, -0.495034
 -0.012754, -0.303344,  0.365621,  0.929046,  1.451361
 -0.012510, -0.420464,  2.455148,  0.835977,  3.104294
 -0.012266, -0.600111,  4.070908,  0.619810,  4.297567
 -0.012022, -0.816676,  5.039034,  0.322004,  4.923026
 -0.011777, -1.043754,  5.271282, -0.008772,  4.942179
 -0.011533, -1.256351,  4.777445, -0.324008,  4.388869
 -0.011289, -1.432302,  3.663761, -0.581970,  3.362755
 -0.011045, -1.553095,  2.117073, -0.752713,  2.014619
 -0.010801, -1.604215,  0.376601, -0.820964,  0.525620
 -0.010557, -1.575065, -1.302629, -0.786701, -0.916575
 -0.010313, -1.458860, -2.688767, -0.663569, -2.141529
 -0.010068, -1.253064, -3.607671, -0.475610, -3.016468
 -0.009824, -0.960726, -3.966740, -0.252917, -3.460840
 -0.009580, -0.592394, -3.764068, -0.026943, -3.453321
 -0.009336, -0.167706, -3.082034,  0.173841, -3.030697
 -0.009092,  0.284326, -2.067437,  0.327398, -2.279214
 -0.008848,  0.726964, -0.902663,  0.420285, -1.319980
 -0.008604,  1.119457,  0.226360,  0.448404, -0.290735
 -0.008359,  1.422400,  1.159566,  0.416380,  0.673316
 -0.008115,  1.603739,  1.784884,  0.335842,  1.456953
 -0.007871,  1.644116,  2.050310,  0.222974,  1.978439
 -0.007627,  1.540357,  1.965098,  0.095771,  2.197494
 -0.007383,  1.306353,  1.590888, -0.028586,  2.117085
 -0.007139,  0.971267,  1.025098, -0.135876,  1.779240
 -0.006895,  0.575461,  0.380254, -0.216272,  1.255943
 -0.006650,  0.164717, -0.236266, -0.264975,  0.636744
 -0.006406, -0.216531, -0.738032, -0.282047,  0.015061
 -0.006162, -0.531886, -1.068441, -0.271609, -0.524820
 -0.005918, -0.758317, -1.202518, -0.240591, -0.918321
 -0.005674, -0.889171, -1.143292, -0.197287, -1.127473
 -0.005430, -0.934362, -0.915101, -0.149951, -1.143499
 -0.005186, -0.917615, -0.555832, -0.105630, -0.985148
 -0.004941, -0.871031, -0.109679, -0.069361, -0.693380
 -0.004697, -0.827853,  0.378199, -0.043807, -0.323514
 -0.004453, -0.814957,  0.864226, -0.029295,  0.063835
 -0.004209, -0.846709,  1.306679, -0.024208,  0.411636
 -0.003965, -0.921464,  1.665536, -0.025606,  0.673911
 -0.003721, -1.021406,  1.904091, -0.029945,  0.820913
 -0.003477, -1.115788,  1.993316, -0.033775,  0.841513
 -0.003232, -1.167044,  1.918150, -0.034310,  0.742767
 -0.002988, -1.138610,  1.683427, -0.029802,  0.547034
 -0.002744, -1.002919,  1.316862, -0.019686,  0.287313
 -0.002500, -0.747978,  0.867393, -0.004520,  0.001654
 -0.002256, -0.381308,  0.398664,  0.014256, -0.272474
 -0.002012,  0.069562, -0.021253,  0.034673, -0.503069
 -0.001768,  0.560380, -0.331835,  0.054619, -0.667153
 -0.001523,  1.036981, -0.491287,  0.072215, -0.752674
 -0.001279,  1.444584, -0.484404,  0.086098, -0.758687
 -0.001035,  1.737693, -0.325346,  0.095595, -0.694035
 -0.000791,  1.888386, -0.054848,  0.100776, -0.574883
 -0.000547,  1.891040,  0.267357,  0.102370, -0.421629
 -0.000303,  1.762403,  0.573249,  0.101596, -0.255684
 -0.000059,  1.537036,  0.798278,  0.099923, -0.096582
  0.000185,  1.259361,  0.892132,  0.098814,  0.040213
  0.000430,  0.974429,  0.826878,  0.099479,  0.144630
  0.000674,  0.719615,  0.601467,  0.102692,  0.212381
  0.000918,  0.518896,  0.242162,  0.108666,  0.244517
  0.001162,  0.380444, -0.201317,  0.117034,  0.246351
  0.001406,  0.297577, -0.663698,  0.126897,  0.225984
  0.001650,  0.252585, -1.075111,  0.136952,  0.192726
  0.001894,  0.222509, -1.373083,  0.145674,  0.155631
  0.002139,  0.185554, -1.513068,  0.151518,  0.122335
  0.002383,  0.126633, -1.475447,  0.153128,  0.098300
  0.002627,  0.040710, -1.268027,  0.149515,  0.086501
  0.002871, -0.066676, -0.924226,  0.140189,  0.087513
  0.003115, -0.181519, -0.497683,  0.125231,  0.099908
  0.003359, -0.285324, -0.054019,  0.105292,  0.120857
  0.003603, -0.359990,  0.339446,  0.081531,  0.146802
  0.003848, -0.392570,  0.624641,  0.055483,  0.174094
  0.004092, -0.378743,  0.762256,  0.028893,  0.199515
  0.004336, -0.323928,  0.737602,  0.003520,  0.220631
  0.004580, -0.241579,  0.561517, -0.019050,  0.235949
  0.004824, -0.149150,  0.266418, -0.037571,  0.244910
  0.005068, -0.063124, -0.101228, -0.051252,  0.247732
  0.005312,  0.005183, -0.490030, -0.059819,  0.245165
  0.005557,  0.051650, -0.852076, -0.063502,  0.238198
  0.005801,  0.078684, -1.148686, -0.062962,  0.227783
  0.006045,  0.092336, -1.352749, -0.059172,  0.214602
  0.006289,  0.098469, -1.448353, -0.053259,  0.198918
  0.006533,  0.099628, -1.429277, -0.046342,  0.180519
  0.006777,  0.093990, -1.297632, -0.039396,  0.158763
  0.007021,  0.076863, -1.063150, -0.033139,  0.132718
  0.007266,  0.044001, -0.742886, -0.027988,  0.101371
  0.007510, -0.005006, -0.360831, -0.024066,  0.063869
  0.007754, -0.065057,  0.053158, -0.021257,  0.019778
  0.007998, -0.126426,  0.465620, -0.019303, -0.030703
  0.008242, -0.177782,  0.843093, -0.017915, -0.086596
  0.008486, -0.209988,  1.156447, -0.016872, -0.146094
  0.008730, -0.219231,  1.384836, -0.016093, -0.206627
  0.008975, -0.208305,  1.518142, -0.015663, -0.265050
  0.009219, -0.185503,  1.557343, -0.015811, -0.317924
  0.009463, -0.161507,  1.512840, -0.016849, -0.361866
  0.009707, -0.145540,  1.401122, -0.019069, -0.393930
  0.009951, -0.142363,  1.240318, -0.022652, -0.411955
  0.010195, -0.151182,  1.045424, -0.027574, -0.414838
  0.010439, -0.166703,  0.824446, -0.033562, -0.402691
  0.010684, -0.181726,  0.576877, -0.040089, -0.376859
  0.010928, -0.190195,  0.295583, -0.046435, -0.339785
  0.011172, -0.189522, -0.028050, -0.051780, -0.294754
  0.011416, -0.181365, -0.397137, -0.055343, -0.245538
  0.011660, -0.170664, -0.802859, -0.056517, -0.195996
  0.011904, -0.163408, -1.220942, -0.054991, -0.149690
  0.012148, -0.164049, -1.612724, -0.050825, -0.109548
  0.012393, -0.173477, -1.931168, -0.044471, -0.077636
  0.012637, -0.188279, -2.130608, -0.036720, -0.055040
  0.012881, -0.201576, -2.177494, -0.028601, -0.041869
  0.013125, -0.205129, -2.058750, -0.021225, -0.037366
  0.013369, -0.191954, -1.785094, -0.015620, -0.040086
  0.013613, -0.158467, -1.388494, -0.012568, -0.048117
  0.013857, -0.105392, -0.915024, -0.012489, -0.059309
  0.014102, -0.037150, -0.415657, -0.015369, -0.071468
  0.014346,  0.039869,  0.062349, -0.020772, -0.082521
  0.014590,  0.119120,  0.481502, -0.027901, -0.090623
  0.014834,  0.194782,  0.816801, -0.035727, -0.094223
  0.015078,  0.261455,  1.055457, -0.043142, -0.092101
  0.015322,  0.313278,  1.194625, -0.049118, -0.083377
  0.015566,  0.343359,  1.238322, -0.052850, -0.067522
  0.015810,  0.344117,  1.194675, -0.053857, -0.044353
  0.016055,  0.308683,  1.074260, -0.052020, -0.014044
  0.016299,  0.232988,  0.889828, -0.047566,  0.022883
  0.016543,  0.117730,  0.657125, -0.041003,  0.065575
  0.016787, -0.030718,  0.396209, -0.033012,  0.112878
  0.017031, -0.200956,  0.132338, -0.024322,  0.163397
  0.017275, -0.378399, -0.104638, -0.015595,  0.215567
  0.017519, -0.547319, -0.283165, -0.007334,  0.267730
  0.017764, -0.692040, -0.375055,  0.000172,  0.318219
  0.018008, -0.796944, -0.361495,  0.006856,  0.365413
  0.018252, -0.846070, -0.238045,  0.012841,  0.407779
  0.018496, -0.823908, -0.016750,  0.018368,  0.443888
  0.018740, -0.718713,  0.275526,  0.023713,  0.472408
  0.018984, -0.528070,  0.602059,  0.029096,  0.492099
  0.019228, -0.264544,  0.922891,  0.034600,  0.501810
  0.019473,  0.041750,  1.201227,  0.040125,  0.500511
  0.019717,  0.346014,  1.408217,  0.045365,  0.487355
  0.019961,  0.597210,  1.525647,  0.049832,  0.461789
  0.020205,  0.749780,  1.546791,  0.052907,  0.423680
  0.020449,  0.775071,  1.476078,  0.053925,  0.373458
  0.020693,  0.669170,  1.328204,  0.052274,  0.312240
  0.020937,  0.455116,  1.126888,  0.047497,  0.241890
  0.021182,  0.179024,  0.902767,  0.039392,  0.165013
  0.021426, -0.098977,  0.689605,  0.028092,  0.084842
  0.021670, -0.316982,  0.518500,  0.014109,  0.005029
  0.021914, -0.424002,  0.410850, -0.001648, -0.070651
  0.022158, -0.390334,  0.371781, -0.017912, -0.138643
  0.022402, -0.213474,  0.386219, -0.033130, -0.195978
  0.022646,  0.081352,  0.419615, -0.045587, -0.240582
  0.022891,  0.445759,  0.424236, -0.053569, -0.271506
  0.023135,  0.816783,  0.350080, -0.055541, -0.289023
  0.023379,  1.127912,  0.157683, -0.050342, -0.294585
  0.023623,  1.320665, -0.170658, -0.037360, -0.290622
  0.023867,  1.354471, -0.624297, -0.016669, -0.280228
  0.024111,  1.212986, -1.163857,  0.010894, -0.266756
  0.024355,  0.906106, -1.727065,  0.043730, -0.253389
  0.024600,  0.468020, -2.239505,  0.079566, -0.242737
  0.024844, -0.047932, -2.628230,  0.115627, -0.236525
  0.025088, -0.576903, -2.835641,  0.148887, -0.235399
  0.025332, -1.051895, -2.830800,  0.176354, -0.238891
  0.025576, -1.413699, -2.615610,  0.195383, -0.245534
  0.025820, -1.619838, -2.224369,  0.203955, -0.253110
  0.026064, -1.650869, -1.716860,  0.200900, -0.258999
  0.026309, -1.512774, -1.166773,  0.186026, -0.260569
  0.026553, -1.234959, -0.648236,  0.160144, -0.255564
  0.026797, -0.864389, -0.223360,  0.124978, -0.242431
  0.027041, -0.457230,  0.066914,  0.082973, -0.220537
  0.027285, -0.069844,  0.207345,  0.037028, -0.190275
  0.027529,  0.249169,  0.208080, -0.009808, -0.153015
  0.027773,  0.464754,  0.100226, -0.054637, -0.110951
  0.028018,  0.558663, -0.071336, -0.094982, -0.066837
  0.028262,  0.530417, -0.256181, -0.128979, -0.023668
  0.028506,  0.396421, -0.405893, -0.155483,  0.015652
  0.028750,  0.187656, -0.479741, -0.174076,  0.048625
  0.028994, -0.053870, -0.448409, -0.184999,  0.073404
  0.029238, -0.279906, -0.296516, -0.189007,  0.088955
  0.029482, -0.441963, -0.024559, -0.187192,  0.095123
  0.029727, -0.498323,  0.349822, -0.180800,  0.092593
  0.029971, -0.421343,  0.792138, -0.171064,  0.082770
  0.030215, -0.203711,  1.253756, -0.159077,  0.067595
  0.030459,  0.138137,  1.677296, -0.145718,  0.049319
  0.030703,  0.565079,  2.004233, -0.131621,  0.030278
  0.030947,  1.021344,  2.183740, -0.117201,  0.012683
  0.031191,  1.444362,  2.181551, -0.102694, -0.001553
  0.031435,  1.775848,  1.987323, -0.088221, -0.010928
  0.031680,  1.971160,  1.618662, -0.073837, -0.014414
  0.031924,  2.004840,  1.120185, -0.059581, -0.011463
  0.032168,  1.871732,  0.556899, -0.045482, -0.001979
  0.032412,  1.584575,  0.002835, -0.031566,  0.013747
  0.032656,  1.169845, -0.472526, -0.017835,  0.035100
  0.032900,  0.663679, -0.816650, -0.004243,  0.061211
  0.033144,  0.108871, -1.002183,  0.009320,  0.091010
  0.033389, -0.447158, -1.029463,  0.023029,  0.123265
  0.033633, -0.954275, -0.923389,  0.037108,  0.156605
  0.033877, -1.362335, -0.725998,  0.051784,  0.189540
  0.034121, -1.625399, -0.486633,  0.067230,  0.220488
  0.034365, -1.707672, -0.251683,  0.083494,  0.247808
  0.034609, -1.590554, -0.055800,  0.100431,  0.269863
  0.034853, -1.279113,  0.083619,  0.117657,  0.285116
  0.035098, -0.805661,  0.167400,  0.134528,  0.292232
  0.035342, -0.228427,  0.210822,  0.150164,  0.290211
  0.035586,  0.375374,  0.236492,  0.163511,  0.278508
  0.035830,  0.921188,  0.266388,  0.173446,  0.257131
  0.036074,  1.331216,  0.315778,  0.178909,  0.226700
  0.036318,  1.547926,  0.390609,  0.179052,  0.188446
  0.036562,  1.543963,  0.488078,  0.173372,  0.144141
  0.036807,  1.326277,  0.598770,  0.161826,  0.095963
  0.037051,  0.933771,  0.708761,  0.144889,  0.046308
  0.037295,  0.429299,  0.801265,  0.123560, -0.002438
  0.037539, -0.112144,  0.858359,  0.099294, -0.048131
  0.037783, -0.616672,  0.863493,  0.073883, -0.089075
  0.038027, -1.023697,  0.804843,  0.049269, -0.124177
  0.038271, -1.294610,  0.678795,  0.027346, -0.153015
  0.038516, -1.416144,  0.492339,  0.009743, -0.175823
  0.038760, -1.397898,  0.263191, -0.002363, -0.193383
  0.039004, -1.265288,  0.017238, -0.008394, -0.206835
  0.039248, -1.050649, -0.216151, -0.008437, -0.217450
  0.039492, -0.785653, -0.409716, -0.003251, -0.226386
  0.039736, -0.497321, -0.543473,  0.005824, -0.234469
  0.039980, -0.208025, -0.608328,  0.017011, -0.242048
  0.040225,  0.062098, -0.607446,  0.028301, -0.248927
  0.040469,  0.292888, -0.555112,  0.037675, -0.254400
  0.040713,  0.464161, -0.473426,  0.043321, -0.257379
  0.040957,  0.558523, -0.387692,  0.043826, -0.256591
  0.041201,  0.565873, -0.321621,  0.038307, -0.250813
  0.041445,  0.487493, -0.293432,  0.026475, -0.239101
  0.041689,  0.337731, -0.313478,  0.008633, -0.220982
  0.041934,  0.142298, -0.383489, -0.014397, -0.196570
  0.042178, -0.066421, -0.496903, -0.041396, -0.166585
  0.042422, -0.255583, -0.639657, -0.070904, -0.132284
  0.042666, -0.397873, -0.791160, -0.101375, -0.095303
  0.042910, -0.475874, -0.925883, -0.131330, -0.057443
  0.043154, -0.484347, -1.016254, -0.159472, -0.020444
  0.043398, -0.430673, -1.037144, -0.184758,  0.014233
  0.043643, -0.333898, -0.971309, -0.206430,  0.045557
  0.043887, -0.222532, -0.814440, -0.223999,  0.073013
  0.044131, -0.130974, -0.578359, -0.237202,  0.096584
  0.044375, -0.094506, -0.291146, -0.245941,  0.116661
  0.044619, -0.143079,  0.006399, -0.250207,  0.133885
  0.044863, -0.294608,  0.267707, -0.250026,  0.148946
  0.045107, -0.549063,  0.449493, -0.245409,  0.162398
  0.045352, -0.885050,  0.520840, -0.236343,  0.174491
  0.045596, -1.260466,  0.470097, -0.222791,  0.185076
  0.045840, -1.617850,  0.307968, -0.204726,  0.193579
  0.046084, -1.893783,  0.066090, -0.182188,  0.199055
  0.046328, -2.030487, -0.208730, -0.155342,  0.200318
  0.046572, -1.987028, -0.463613, -0.124549,  0.196114
  0.046816, -1.747529, -0.650127, -0.090419,  0.185321
  0.047060, -1.324553, -0.733758, -0.053852,  0.167145
  0.047305, -0.757176, -0.700185, -0.016041,  0.141289
  0.047549, -0.104577, -0.557181,  0.021556,  0.108070
  0.047793,  0.563213, -0.331967,  0.057292,  0.068467
  0.048037,  1.175524, -0.064767,  0.089451,  0.024114
  0.048281,  1.670483,  0.199816,  0.116397, -0.022787
  0.048525,  2.002422,  0.421380,  0.136757, -0.069599
  0.048769,  2.146575,  0.570203,  0.149597, -0.113438
  0.049014,  2.101114,  0.630591,  0.154586, -0.151387
  0.049258,  1.886879,  0.601175,  0.152110, -0.180730
  0.049502,  1.545101,  0.492995,  0.143315, -0.199180
  0.049746,  1.132999,  0.326323,  0.130065, -0.205088
  0.049990,  0.717001,  0.127016,  0.114796, -0.197612
